"Device","Kernel","Invocations","Metric Name","Metric Description","Min","Max","Avg"
"GeForce GTX 1080 Ti (0)","sia_blake2b_gpu_hash_ethash_search4_0(unsigned int, unsigned int, unsigned int*, uint2, Search_results volatile *, unsigned long)",1,"issue_slot_utilization","Issue Slot Utilization",67.619862%,67.619862%,67.619862%
"GeForce GTX 1080 Ti (0)","sia_blake2b_gpu_hash_ethash_search4_0(unsigned int, unsigned int, unsigned int*, uint2, Search_results volatile *, unsigned long)",1,"eligible_warps_per_cycle","Eligible Warps Per Active Cycle",5.292359,5.292359,5.292359
"GeForce GTX 1080 Ti (0)","sia_blake2b_gpu_hash_ethash_search4_0(unsigned int, unsigned int, unsigned int*, uint2, Search_results volatile *, unsigned long)",1,"stall_inst_fetch","Issue Stall Reasons (Instructions Fetch)",36.471635%,36.471635%,36.471635%
"GeForce GTX 1080 Ti (0)","sia_blake2b_gpu_hash_ethash_search4_0(unsigned int, unsigned int, unsigned int*, uint2, Search_results volatile *, unsigned long)",1,"stall_exec_dependency","Issue Stall Reasons (Execution Dependency)",9.540020%,9.540020%,9.540020%
"GeForce GTX 1080 Ti (0)","sia_blake2b_gpu_hash_ethash_search4_0(unsigned int, unsigned int, unsigned int*, uint2, Search_results volatile *, unsigned long)",1,"stall_memory_dependency","Issue Stall Reasons (Data Request)",26.325221%,26.325221%,26.325221%
"GeForce GTX 1080 Ti (0)","sia_blake2b_gpu_hash_ethash_search4_0(unsigned int, unsigned int, unsigned int*, uint2, Search_results volatile *, unsigned long)",1,"achieved_occupancy","Achieved Occupancy",0.308069,0.308069,0.308069
"GeForce GTX 1080 Ti (0)","ethash_calculate_dag_item(unsigned int)",16,"issue_slot_utilization","Issue Slot Utilization",9.909375%,10.070174%,9.983588%
"GeForce GTX 1080 Ti (0)","ethash_calculate_dag_item(unsigned int)",16,"eligible_warps_per_cycle","Eligible Warps Per Active Cycle",0.481513,0.488574,0.484687
"GeForce GTX 1080 Ti (0)","ethash_calculate_dag_item(unsigned int)",16,"stall_inst_fetch","Issue Stall Reasons (Instructions Fetch)",0.601946%,0.613056%,0.608048%
"GeForce GTX 1080 Ti (0)","ethash_calculate_dag_item(unsigned int)",16,"stall_exec_dependency","Issue Stall Reasons (Execution Dependency)",10.067914%,10.321559%,10.210778%
"GeForce GTX 1080 Ti (0)","ethash_calculate_dag_item(unsigned int)",16,"stall_memory_dependency","Issue Stall Reasons (Data Request)",85.619184%,85.910986%,85.730981%
"GeForce GTX 1080 Ti (0)","ethash_calculate_dag_item(unsigned int)",16,"achieved_occupancy","Achieved Occupancy",0.309063,0.309355,0.309206
"GeForce GTX 1080 Ti (0)","sia_blake2b_gpu_hash(unsigned int, unsigned int, unsigned int*, uint2)",1,"issue_slot_utilization","Issue Slot Utilization",90.461311%,90.461311%,90.461311%
"GeForce GTX 1080 Ti (0)","sia_blake2b_gpu_hash(unsigned int, unsigned int, unsigned int*, uint2)",1,"eligible_warps_per_cycle","Eligible Warps Per Active Cycle",9.878532,9.878532,9.878532
"GeForce GTX 1080 Ti (0)","sia_blake2b_gpu_hash(unsigned int, unsigned int, unsigned int*, uint2)",1,"stall_inst_fetch","Issue Stall Reasons (Instructions Fetch)",23.553326%,23.553326%,23.553326%
"GeForce GTX 1080 Ti (0)","sia_blake2b_gpu_hash(unsigned int, unsigned int, unsigned int*, uint2)",1,"stall_exec_dependency","Issue Stall Reasons (Execution Dependency)",22.910164%,22.910164%,22.910164%
"GeForce GTX 1080 Ti (0)","sia_blake2b_gpu_hash(unsigned int, unsigned int, unsigned int*, uint2)",1,"stall_memory_dependency","Issue Stall Reasons (Data Request)",1.311155%,1.311155%,1.311155%
"GeForce GTX 1080 Ti (0)","sia_blake2b_gpu_hash(unsigned int, unsigned int, unsigned int*, uint2)",1,"achieved_occupancy","Achieved Occupancy",0.489870,0.489870,0.489870
"GeForce GTX 1080 Ti (0)","foo::blake2b_gpu_hash_sia_blake2b_gpu_hash_0(unsigned int, unsigned int, unsigned int*, uint2, unsigned int, unsigned int, unsigned int*, uint2)",1,"issue_slot_utilization","Issue Slot Utilization",85.231446%,85.231446%,85.231446%
"GeForce GTX 1080 Ti (0)","foo::blake2b_gpu_hash_sia_blake2b_gpu_hash_0(unsigned int, unsigned int, unsigned int*, uint2, unsigned int, unsigned int, unsigned int*, uint2)",1,"eligible_warps_per_cycle","Eligible Warps Per Active Cycle",8.726348,8.726348,8.726348
"GeForce GTX 1080 Ti (0)","foo::blake2b_gpu_hash_sia_blake2b_gpu_hash_0(unsigned int, unsigned int, unsigned int*, uint2, unsigned int, unsigned int, unsigned int*, uint2)",1,"stall_inst_fetch","Issue Stall Reasons (Instructions Fetch)",43.482939%,43.482939%,43.482939%
"GeForce GTX 1080 Ti (0)","foo::blake2b_gpu_hash_sia_blake2b_gpu_hash_0(unsigned int, unsigned int, unsigned int*, uint2, unsigned int, unsigned int, unsigned int*, uint2)",1,"stall_exec_dependency","Issue Stall Reasons (Execution Dependency)",15.397646%,15.397646%,15.397646%
"GeForce GTX 1080 Ti (0)","foo::blake2b_gpu_hash_sia_blake2b_gpu_hash_0(unsigned int, unsigned int, unsigned int*, uint2, unsigned int, unsigned int, unsigned int*, uint2)",1,"stall_memory_dependency","Issue Stall Reasons (Data Request)",1.317706%,1.317706%,1.317706%
"GeForce GTX 1080 Ti (0)","foo::blake2b_gpu_hash_sia_blake2b_gpu_hash_0(unsigned int, unsigned int, unsigned int*, uint2, unsigned int, unsigned int, unsigned int*, uint2)",1,"achieved_occupancy","Achieved Occupancy",0.491440,0.491440,0.491440
"GeForce GTX 1080 Ti (0)","_GLOBAL__N__57_tmpxft_00003c11_00000000_15_sha256_sia_compute_75_cpp1_ii_760fc11c::sha256d_gpu_hash_shared(unsigned int, unsigned int, unsigned int*)",1,"issue_slot_utilization","Issue Slot Utilization",65.454286%,65.454286%,65.454286%
"GeForce GTX 1080 Ti (0)","_GLOBAL__N__57_tmpxft_00003c11_00000000_15_sha256_sia_compute_75_cpp1_ii_760fc11c::sha256d_gpu_hash_shared(unsigned int, unsigned int, unsigned int*)",1,"eligible_warps_per_cycle","Eligible Warps Per Active Cycle",5.689495,5.689495,5.689495
"GeForce GTX 1080 Ti (0)","_GLOBAL__N__57_tmpxft_00003c11_00000000_15_sha256_sia_compute_75_cpp1_ii_760fc11c::sha256d_gpu_hash_shared(unsigned int, unsigned int, unsigned int*)",1,"stall_inst_fetch","Issue Stall Reasons (Instructions Fetch)",45.216836%,45.216836%,45.216836%
"GeForce GTX 1080 Ti (0)","_GLOBAL__N__57_tmpxft_00003c11_00000000_15_sha256_sia_compute_75_cpp1_ii_760fc11c::sha256d_gpu_hash_shared(unsigned int, unsigned int, unsigned int*)",1,"stall_exec_dependency","Issue Stall Reasons (Execution Dependency)",9.572607%,9.572607%,9.572607%
"GeForce GTX 1080 Ti (0)","_GLOBAL__N__57_tmpxft_00003c11_00000000_15_sha256_sia_compute_75_cpp1_ii_760fc11c::sha256d_gpu_hash_shared(unsigned int, unsigned int, unsigned int*)",1,"stall_memory_dependency","Issue Stall Reasons (Data Request)",0.000000%,0.000000%,0.000000%
"GeForce GTX 1080 Ti (0)","_GLOBAL__N__57_tmpxft_00003c11_00000000_15_sha256_sia_compute_75_cpp1_ii_760fc11c::sha256d_gpu_hash_shared(unsigned int, unsigned int, unsigned int*)",1,"achieved_occupancy","Achieved Occupancy",0.305565,0.305565,0.305565
"GeForce GTX 1080 Ti (0)","_GLOBAL__N__59_tmpxft_00003c05_00000000_15_blake_sha256_compute_75_cpp1_ii_f2a120ba::blake2b_gpu_hash(unsigned int, unsigned int, unsigned int*, uint2)",1,"issue_slot_utilization","Issue Slot Utilization",90.956476%,90.956476%,90.956476%
"GeForce GTX 1080 Ti (0)","_GLOBAL__N__59_tmpxft_00003c05_00000000_15_blake_sha256_compute_75_cpp1_ii_f2a120ba::blake2b_gpu_hash(unsigned int, unsigned int, unsigned int*, uint2)",1,"eligible_warps_per_cycle","Eligible Warps Per Active Cycle",10.711651,10.711651,10.711651
"GeForce GTX 1080 Ti (0)","_GLOBAL__N__59_tmpxft_00003c05_00000000_15_blake_sha256_compute_75_cpp1_ii_f2a120ba::blake2b_gpu_hash(unsigned int, unsigned int, unsigned int*, uint2)",1,"stall_inst_fetch","Issue Stall Reasons (Instructions Fetch)",27.216050%,27.216050%,27.216050%
"GeForce GTX 1080 Ti (0)","_GLOBAL__N__59_tmpxft_00003c05_00000000_15_blake_sha256_compute_75_cpp1_ii_f2a120ba::blake2b_gpu_hash(unsigned int, unsigned int, unsigned int*, uint2)",1,"stall_exec_dependency","Issue Stall Reasons (Execution Dependency)",16.987332%,16.987332%,16.987332%
"GeForce GTX 1080 Ti (0)","_GLOBAL__N__59_tmpxft_00003c05_00000000_15_blake_sha256_compute_75_cpp1_ii_f2a120ba::blake2b_gpu_hash(unsigned int, unsigned int, unsigned int*, uint2)",1,"stall_memory_dependency","Issue Stall Reasons (Data Request)",1.386154%,1.386154%,1.386154%
"GeForce GTX 1080 Ti (0)","_GLOBAL__N__59_tmpxft_00003c05_00000000_15_blake_sha256_compute_75_cpp1_ii_f2a120ba::blake2b_gpu_hash(unsigned int, unsigned int, unsigned int*, uint2)",1,"achieved_occupancy","Achieved Occupancy",0.488441,0.488441,0.488441
"GeForce GTX 1080 Ti (0)","ethash_search2_blake2b_gpu_hash_0(Search_results volatile *, unsigned long, unsigned int, unsigned int, unsigned int*, uint2)",1,"issue_slot_utilization","Issue Slot Utilization",64.618088%,64.618088%,64.618088%
"GeForce GTX 1080 Ti (0)","ethash_search2_blake2b_gpu_hash_0(Search_results volatile *, unsigned long, unsigned int, unsigned int, unsigned int*, uint2)",1,"eligible_warps_per_cycle","Eligible Warps Per Active Cycle",5.179609,5.179609,5.179609
"GeForce GTX 1080 Ti (0)","ethash_search2_blake2b_gpu_hash_0(Search_results volatile *, unsigned long, unsigned int, unsigned int, unsigned int*, uint2)",1,"stall_inst_fetch","Issue Stall Reasons (Instructions Fetch)",39.432095%,39.432095%,39.432095%
"GeForce GTX 1080 Ti (0)","ethash_search2_blake2b_gpu_hash_0(Search_results volatile *, unsigned long, unsigned int, unsigned int, unsigned int*, uint2)",1,"stall_exec_dependency","Issue Stall Reasons (Execution Dependency)",9.967301%,9.967301%,9.967301%
"GeForce GTX 1080 Ti (0)","ethash_search2_blake2b_gpu_hash_0(Search_results volatile *, unsigned long, unsigned int, unsigned int, unsigned int*, uint2)",1,"stall_memory_dependency","Issue Stall Reasons (Data Request)",22.856709%,22.856709%,22.856709%
"GeForce GTX 1080 Ti (0)","ethash_search2_blake2b_gpu_hash_0(Search_results volatile *, unsigned long, unsigned int, unsigned int, unsigned int*, uint2)",1,"achieved_occupancy","Achieved Occupancy",0.306190,0.306190,0.306190
"GeForce GTX 1080 Ti (0)","ethash_search(Search_results volatile *, unsigned long)",1,"issue_slot_utilization","Issue Slot Utilization",10.818430%,10.818430%,10.818430%
"GeForce GTX 1080 Ti (0)","ethash_search(Search_results volatile *, unsigned long)",1,"eligible_warps_per_cycle","Eligible Warps Per Active Cycle",0.602363,0.602363,0.602363
"GeForce GTX 1080 Ti (0)","ethash_search(Search_results volatile *, unsigned long)",1,"stall_inst_fetch","Issue Stall Reasons (Instructions Fetch)",0.405837%,0.405837%,0.405837%
"GeForce GTX 1080 Ti (0)","ethash_search(Search_results volatile *, unsigned long)",1,"stall_exec_dependency","Issue Stall Reasons (Execution Dependency)",2.274517%,2.274517%,2.274517%
"GeForce GTX 1080 Ti (0)","ethash_search(Search_results volatile *, unsigned long)",1,"stall_memory_dependency","Issue Stall Reasons (Data Request)",96.036964%,96.036964%,96.036964%
"GeForce GTX 1080 Ti (0)","ethash_search(Search_results volatile *, unsigned long)",1,"achieved_occupancy","Achieved Occupancy",0.366450,0.366450,0.366450
"GeForce GTX 1080 Ti (0)","foo::blake2b_gpu_hash(unsigned int, unsigned int, unsigned int*, uint2)",1,"issue_slot_utilization","Issue Slot Utilization",89.381156%,89.381156%,89.381156%
"GeForce GTX 1080 Ti (0)","foo::blake2b_gpu_hash(unsigned int, unsigned int, unsigned int*, uint2)",1,"eligible_warps_per_cycle","Eligible Warps Per Active Cycle",11.228626,11.228626,11.228626
"GeForce GTX 1080 Ti (0)","foo::blake2b_gpu_hash(unsigned int, unsigned int, unsigned int*, uint2)",1,"stall_inst_fetch","Issue Stall Reasons (Instructions Fetch)",35.006932%,35.006932%,35.006932%
"GeForce GTX 1080 Ti (0)","foo::blake2b_gpu_hash(unsigned int, unsigned int, unsigned int*, uint2)",1,"stall_exec_dependency","Issue Stall Reasons (Execution Dependency)",7.193519%,7.193519%,7.193519%
"GeForce GTX 1080 Ti (0)","foo::blake2b_gpu_hash(unsigned int, unsigned int, unsigned int*, uint2)",1,"stall_memory_dependency","Issue Stall Reasons (Data Request)",1.556679%,1.556679%,1.556679%
"GeForce GTX 1080 Ti (0)","foo::blake2b_gpu_hash(unsigned int, unsigned int, unsigned int*, uint2)",1,"achieved_occupancy","Achieved Occupancy",0.484255,0.484255,0.484255
"GeForce GTX 1080 Ti (0)","sha256d_gpu_hash_shared_ethash_search3_100(unsigned int, unsigned int, unsigned int*, Search_results volatile *, unsigned long)",1,"issue_slot_utilization","Issue Slot Utilization",41.021186%,41.021186%,41.021186%
"GeForce GTX 1080 Ti (0)","sha256d_gpu_hash_shared_ethash_search3_100(unsigned int, unsigned int, unsigned int*, Search_results volatile *, unsigned long)",1,"eligible_warps_per_cycle","Eligible Warps Per Active Cycle",3.053579,3.053579,3.053579
"GeForce GTX 1080 Ti (0)","sha256d_gpu_hash_shared_ethash_search3_100(unsigned int, unsigned int, unsigned int*, Search_results volatile *, unsigned long)",1,"stall_inst_fetch","Issue Stall Reasons (Instructions Fetch)",55.541745%,55.541745%,55.541745%
"GeForce GTX 1080 Ti (0)","sha256d_gpu_hash_shared_ethash_search3_100(unsigned int, unsigned int, unsigned int*, Search_results volatile *, unsigned long)",1,"stall_exec_dependency","Issue Stall Reasons (Execution Dependency)",5.628550%,5.628550%,5.628550%
"GeForce GTX 1080 Ti (0)","sha256d_gpu_hash_shared_ethash_search3_100(unsigned int, unsigned int, unsigned int*, Search_results volatile *, unsigned long)",1,"stall_memory_dependency","Issue Stall Reasons (Data Request)",14.356881%,14.356881%,14.356881%
"GeForce GTX 1080 Ti (0)","sha256d_gpu_hash_shared_ethash_search3_100(unsigned int, unsigned int, unsigned int*, Search_results volatile *, unsigned long)",1,"achieved_occupancy","Achieved Occupancy",0.247757,0.247757,0.247757
"GeForce GTX 1080 Ti (0)","_GLOBAL__N__57_tmpxft_00003c11_00000000_15_sha256_sia_compute_75_cpp1_ii_760fc11c::sha256d_gpu_hash_shared_sia_blake2b_gpu_hash_0(unsigned int, unsigned int, unsigned int*, unsigned int, unsigned int, unsigned int*, uint2)",1,"issue_slot_utilization","Issue Slot Utilization",38.815916%,38.815916%,38.815916%
"GeForce GTX 1080 Ti (0)","_GLOBAL__N__57_tmpxft_00003c11_00000000_15_sha256_sia_compute_75_cpp1_ii_760fc11c::sha256d_gpu_hash_shared_sia_blake2b_gpu_hash_0(unsigned int, unsigned int, unsigned int*, unsigned int, unsigned int, unsigned int*, uint2)",1,"eligible_warps_per_cycle","Eligible Warps Per Active Cycle",2.546914,2.546914,2.546914
"GeForce GTX 1080 Ti (0)","_GLOBAL__N__57_tmpxft_00003c11_00000000_15_sha256_sia_compute_75_cpp1_ii_760fc11c::sha256d_gpu_hash_shared_sia_blake2b_gpu_hash_0(unsigned int, unsigned int, unsigned int*, unsigned int, unsigned int, unsigned int*, uint2)",1,"stall_inst_fetch","Issue Stall Reasons (Instructions Fetch)",72.216705%,72.216705%,72.216705%
"GeForce GTX 1080 Ti (0)","_GLOBAL__N__57_tmpxft_00003c11_00000000_15_sha256_sia_compute_75_cpp1_ii_760fc11c::sha256d_gpu_hash_shared_sia_blake2b_gpu_hash_0(unsigned int, unsigned int, unsigned int*, unsigned int, unsigned int, unsigned int*, uint2)",1,"stall_exec_dependency","Issue Stall Reasons (Execution Dependency)",6.050697%,6.050697%,6.050697%
"GeForce GTX 1080 Ti (0)","_GLOBAL__N__57_tmpxft_00003c11_00000000_15_sha256_sia_compute_75_cpp1_ii_760fc11c::sha256d_gpu_hash_shared_sia_blake2b_gpu_hash_0(unsigned int, unsigned int, unsigned int*, unsigned int, unsigned int, unsigned int*, uint2)",1,"stall_memory_dependency","Issue Stall Reasons (Data Request)",1.138847%,1.138847%,1.138847%
"GeForce GTX 1080 Ti (0)","_GLOBAL__N__57_tmpxft_00003c11_00000000_15_sha256_sia_compute_75_cpp1_ii_760fc11c::sha256d_gpu_hash_shared_sia_blake2b_gpu_hash_0(unsigned int, unsigned int, unsigned int*, unsigned int, unsigned int, unsigned int*, uint2)",1,"achieved_occupancy","Achieved Occupancy",0.210391,0.210391,0.210391
"GeForce GTX 1080 Ti (0)","_GLOBAL__N__59_tmpxft_00003c05_00000000_15_blake_sha256_compute_75_cpp1_ii_f2a120ba::blake2b_gpu_hash_sha256d_gpu_hash_shared_0(unsigned int, unsigned int, unsigned int*, uint2, unsigned int, unsigned int, unsigned int*)",1,"issue_slot_utilization","Issue Slot Utilization",38.553470%,38.553470%,38.553470%
"GeForce GTX 1080 Ti (0)","_GLOBAL__N__59_tmpxft_00003c05_00000000_15_blake_sha256_compute_75_cpp1_ii_f2a120ba::blake2b_gpu_hash_sha256d_gpu_hash_shared_0(unsigned int, unsigned int, unsigned int*, uint2, unsigned int, unsigned int, unsigned int*)",1,"eligible_warps_per_cycle","Eligible Warps Per Active Cycle",2.552541,2.552541,2.552541
"GeForce GTX 1080 Ti (0)","_GLOBAL__N__59_tmpxft_00003c05_00000000_15_blake_sha256_compute_75_cpp1_ii_f2a120ba::blake2b_gpu_hash_sha256d_gpu_hash_shared_0(unsigned int, unsigned int, unsigned int*, uint2, unsigned int, unsigned int, unsigned int*)",1,"stall_inst_fetch","Issue Stall Reasons (Instructions Fetch)",72.835168%,72.835168%,72.835168%
"GeForce GTX 1080 Ti (0)","_GLOBAL__N__59_tmpxft_00003c05_00000000_15_blake_sha256_compute_75_cpp1_ii_f2a120ba::blake2b_gpu_hash_sha256d_gpu_hash_shared_0(unsigned int, unsigned int, unsigned int*, uint2, unsigned int, unsigned int, unsigned int*)",1,"stall_exec_dependency","Issue Stall Reasons (Execution Dependency)",6.002759%,6.002759%,6.002759%
"GeForce GTX 1080 Ti (0)","_GLOBAL__N__59_tmpxft_00003c05_00000000_15_blake_sha256_compute_75_cpp1_ii_f2a120ba::blake2b_gpu_hash_sha256d_gpu_hash_shared_0(unsigned int, unsigned int, unsigned int*, uint2, unsigned int, unsigned int, unsigned int*)",1,"stall_memory_dependency","Issue Stall Reasons (Data Request)",0.693638%,0.693638%,0.693638%
"GeForce GTX 1080 Ti (0)","_GLOBAL__N__59_tmpxft_00003c05_00000000_15_blake_sha256_compute_75_cpp1_ii_f2a120ba::blake2b_gpu_hash_sha256d_gpu_hash_shared_0(unsigned int, unsigned int, unsigned int*, uint2, unsigned int, unsigned int, unsigned int*)",1,"achieved_occupancy","Achieved Occupancy",0.209494,0.209494,0.209494
"GeForce GTX 1080 Ti (0)","_GLOBAL__N__57_tmpxft_00003c11_00000000_15_sha256_sia_compute_75_cpp1_ii_760fc11c::sha256d_gpu_hash_shared_sia_blake2b_gpu_hash_100(unsigned int, unsigned int, unsigned int*, unsigned int, unsigned int, unsigned int*, uint2)",1,"issue_slot_utilization","Issue Slot Utilization",49.297370%,49.297370%,49.297370%
"GeForce GTX 1080 Ti (0)","_GLOBAL__N__57_tmpxft_00003c11_00000000_15_sha256_sia_compute_75_cpp1_ii_760fc11c::sha256d_gpu_hash_shared_sia_blake2b_gpu_hash_100(unsigned int, unsigned int, unsigned int*, unsigned int, unsigned int, unsigned int*, uint2)",1,"eligible_warps_per_cycle","Eligible Warps Per Active Cycle",3.498703,3.498703,3.498703
"GeForce GTX 1080 Ti (0)","_GLOBAL__N__57_tmpxft_00003c11_00000000_15_sha256_sia_compute_75_cpp1_ii_760fc11c::sha256d_gpu_hash_shared_sia_blake2b_gpu_hash_100(unsigned int, unsigned int, unsigned int*, unsigned int, unsigned int, unsigned int*, uint2)",1,"stall_inst_fetch","Issue Stall Reasons (Instructions Fetch)",66.783231%,66.783231%,66.783231%
"GeForce GTX 1080 Ti (0)","_GLOBAL__N__57_tmpxft_00003c11_00000000_15_sha256_sia_compute_75_cpp1_ii_760fc11c::sha256d_gpu_hash_shared_sia_blake2b_gpu_hash_100(unsigned int, unsigned int, unsigned int*, unsigned int, unsigned int, unsigned int*, uint2)",1,"stall_exec_dependency","Issue Stall Reasons (Execution Dependency)",6.553535%,6.553535%,6.553535%
"GeForce GTX 1080 Ti (0)","_GLOBAL__N__57_tmpxft_00003c11_00000000_15_sha256_sia_compute_75_cpp1_ii_760fc11c::sha256d_gpu_hash_shared_sia_blake2b_gpu_hash_100(unsigned int, unsigned int, unsigned int*, unsigned int, unsigned int, unsigned int*, uint2)",1,"stall_memory_dependency","Issue Stall Reasons (Data Request)",1.378302%,1.378302%,1.378302%
"GeForce GTX 1080 Ti (0)","_GLOBAL__N__57_tmpxft_00003c11_00000000_15_sha256_sia_compute_75_cpp1_ii_760fc11c::sha256d_gpu_hash_shared_sia_blake2b_gpu_hash_100(unsigned int, unsigned int, unsigned int*, unsigned int, unsigned int, unsigned int*, uint2)",1,"achieved_occupancy","Achieved Occupancy",0.249403,0.249403,0.249403
"GeForce GTX 1080 Ti (0)","ethash_search3(Search_results volatile *, unsigned long)",1,"issue_slot_utilization","Issue Slot Utilization",11.024109%,11.024109%,11.024109%
"GeForce GTX 1080 Ti (0)","ethash_search3(Search_results volatile *, unsigned long)",1,"eligible_warps_per_cycle","Eligible Warps Per Active Cycle",0.615033,0.615033,0.615033
"GeForce GTX 1080 Ti (0)","ethash_search3(Search_results volatile *, unsigned long)",1,"stall_inst_fetch","Issue Stall Reasons (Instructions Fetch)",0.378256%,0.378256%,0.378256%
"GeForce GTX 1080 Ti (0)","ethash_search3(Search_results volatile *, unsigned long)",1,"stall_exec_dependency","Issue Stall Reasons (Execution Dependency)",2.266222%,2.266222%,2.266222%
"GeForce GTX 1080 Ti (0)","ethash_search3(Search_results volatile *, unsigned long)",1,"stall_memory_dependency","Issue Stall Reasons (Data Request)",96.073127%,96.073127%,96.073127%
"GeForce GTX 1080 Ti (0)","ethash_search3(Search_results volatile *, unsigned long)",1,"achieved_occupancy","Achieved Occupancy",0.367211,0.367211,0.367211
"GeForce GTX 1080 Ti (0)","_GLOBAL__N__59_tmpxft_00003c05_00000000_15_blake_sha256_compute_75_cpp1_ii_f2a120ba::blake2b_gpu_hash_sha256d_gpu_hash_shared_100(unsigned int, unsigned int, unsigned int*, uint2, unsigned int, unsigned int, unsigned int*)",1,"issue_slot_utilization","Issue Slot Utilization",49.232082%,49.232082%,49.232082%
"GeForce GTX 1080 Ti (0)","_GLOBAL__N__59_tmpxft_00003c05_00000000_15_blake_sha256_compute_75_cpp1_ii_f2a120ba::blake2b_gpu_hash_sha256d_gpu_hash_shared_100(unsigned int, unsigned int, unsigned int*, uint2, unsigned int, unsigned int, unsigned int*)",1,"eligible_warps_per_cycle","Eligible Warps Per Active Cycle",3.483976,3.483976,3.483976
"GeForce GTX 1080 Ti (0)","_GLOBAL__N__59_tmpxft_00003c05_00000000_15_blake_sha256_compute_75_cpp1_ii_f2a120ba::blake2b_gpu_hash_sha256d_gpu_hash_shared_100(unsigned int, unsigned int, unsigned int*, uint2, unsigned int, unsigned int, unsigned int*)",1,"stall_inst_fetch","Issue Stall Reasons (Instructions Fetch)",66.936204%,66.936204%,66.936204%
"GeForce GTX 1080 Ti (0)","_GLOBAL__N__59_tmpxft_00003c05_00000000_15_blake_sha256_compute_75_cpp1_ii_f2a120ba::blake2b_gpu_hash_sha256d_gpu_hash_shared_100(unsigned int, unsigned int, unsigned int*, uint2, unsigned int, unsigned int, unsigned int*)",1,"stall_exec_dependency","Issue Stall Reasons (Execution Dependency)",6.487848%,6.487848%,6.487848%
"GeForce GTX 1080 Ti (0)","_GLOBAL__N__59_tmpxft_00003c05_00000000_15_blake_sha256_compute_75_cpp1_ii_f2a120ba::blake2b_gpu_hash_sha256d_gpu_hash_shared_100(unsigned int, unsigned int, unsigned int*, uint2, unsigned int, unsigned int, unsigned int*)",1,"stall_memory_dependency","Issue Stall Reasons (Data Request)",1.341504%,1.341504%,1.341504%
"GeForce GTX 1080 Ti (0)","_GLOBAL__N__59_tmpxft_00003c05_00000000_15_blake_sha256_compute_75_cpp1_ii_f2a120ba::blake2b_gpu_hash_sha256d_gpu_hash_shared_100(unsigned int, unsigned int, unsigned int*, uint2, unsigned int, unsigned int, unsigned int*)",1,"achieved_occupancy","Achieved Occupancy",0.249230,0.249230,0.249230
"GeForce GTX 1080 Ti (0)","sia_blake2b_gpu_hash_ethash_search4_100(unsigned int, unsigned int, unsigned int*, uint2, Search_results volatile *, unsigned long)",1,"issue_slot_utilization","Issue Slot Utilization",66.618700%,66.618700%,66.618700%
"GeForce GTX 1080 Ti (0)","sia_blake2b_gpu_hash_ethash_search4_100(unsigned int, unsigned int, unsigned int*, uint2, Search_results volatile *, unsigned long)",1,"eligible_warps_per_cycle","Eligible Warps Per Active Cycle",5.850204,5.850204,5.850204
"GeForce GTX 1080 Ti (0)","sia_blake2b_gpu_hash_ethash_search4_100(unsigned int, unsigned int, unsigned int*, uint2, Search_results volatile *, unsigned long)",1,"stall_inst_fetch","Issue Stall Reasons (Instructions Fetch)",40.053476%,40.053476%,40.053476%
"GeForce GTX 1080 Ti (0)","sia_blake2b_gpu_hash_ethash_search4_100(unsigned int, unsigned int, unsigned int*, uint2, Search_results volatile *, unsigned long)",1,"stall_exec_dependency","Issue Stall Reasons (Execution Dependency)",7.674694%,7.674694%,7.674694%
"GeForce GTX 1080 Ti (0)","sia_blake2b_gpu_hash_ethash_search4_100(unsigned int, unsigned int, unsigned int*, uint2, Search_results volatile *, unsigned long)",1,"stall_memory_dependency","Issue Stall Reasons (Data Request)",23.550982%,23.550982%,23.550982%
"GeForce GTX 1080 Ti (0)","sia_blake2b_gpu_hash_ethash_search4_100(unsigned int, unsigned int, unsigned int*, uint2, Search_results volatile *, unsigned long)",1,"achieved_occupancy","Achieved Occupancy",0.366553,0.366553,0.366553
"GeForce GTX 1080 Ti (0)","_GLOBAL__N__57_tmpxft_00003c11_00000000_15_sha256_sia_compute_75_cpp1_ii_760fc11c::sia_blake2b_gpu_hash(unsigned int, unsigned int, unsigned int*, uint2)",1,"issue_slot_utilization","Issue Slot Utilization",90.441598%,90.441598%,90.441598%
"GeForce GTX 1080 Ti (0)","_GLOBAL__N__57_tmpxft_00003c11_00000000_15_sha256_sia_compute_75_cpp1_ii_760fc11c::sia_blake2b_gpu_hash(unsigned int, unsigned int, unsigned int*, uint2)",1,"eligible_warps_per_cycle","Eligible Warps Per Active Cycle",9.879245,9.879245,9.879245
"GeForce GTX 1080 Ti (0)","_GLOBAL__N__57_tmpxft_00003c11_00000000_15_sha256_sia_compute_75_cpp1_ii_760fc11c::sia_blake2b_gpu_hash(unsigned int, unsigned int, unsigned int*, uint2)",1,"stall_inst_fetch","Issue Stall Reasons (Instructions Fetch)",23.600673%,23.600673%,23.600673%
"GeForce GTX 1080 Ti (0)","_GLOBAL__N__57_tmpxft_00003c11_00000000_15_sha256_sia_compute_75_cpp1_ii_760fc11c::sia_blake2b_gpu_hash(unsigned int, unsigned int, unsigned int*, uint2)",1,"stall_exec_dependency","Issue Stall Reasons (Execution Dependency)",22.895185%,22.895185%,22.895185%
"GeForce GTX 1080 Ti (0)","_GLOBAL__N__57_tmpxft_00003c11_00000000_15_sha256_sia_compute_75_cpp1_ii_760fc11c::sia_blake2b_gpu_hash(unsigned int, unsigned int, unsigned int*, uint2)",1,"stall_memory_dependency","Issue Stall Reasons (Data Request)",1.367656%,1.367656%,1.367656%
"GeForce GTX 1080 Ti (0)","_GLOBAL__N__57_tmpxft_00003c11_00000000_15_sha256_sia_compute_75_cpp1_ii_760fc11c::sia_blake2b_gpu_hash(unsigned int, unsigned int, unsigned int*, uint2)",1,"achieved_occupancy","Achieved Occupancy",0.489777,0.489777,0.489777
"GeForce GTX 1080 Ti (0)","foo::sia_blake2b_gpu_hash(unsigned int, unsigned int, unsigned int*, uint2)",1,"issue_slot_utilization","Issue Slot Utilization",90.470686%,90.470686%,90.470686%
"GeForce GTX 1080 Ti (0)","foo::sia_blake2b_gpu_hash(unsigned int, unsigned int, unsigned int*, uint2)",1,"eligible_warps_per_cycle","Eligible Warps Per Active Cycle",9.882314,9.882314,9.882314
"GeForce GTX 1080 Ti (0)","foo::sia_blake2b_gpu_hash(unsigned int, unsigned int, unsigned int*, uint2)",1,"stall_inst_fetch","Issue Stall Reasons (Instructions Fetch)",23.397999%,23.397999%,23.397999%
"GeForce GTX 1080 Ti (0)","foo::sia_blake2b_gpu_hash(unsigned int, unsigned int, unsigned int*, uint2)",1,"stall_exec_dependency","Issue Stall Reasons (Execution Dependency)",22.919169%,22.919169%,22.919169%
"GeForce GTX 1080 Ti (0)","foo::sia_blake2b_gpu_hash(unsigned int, unsigned int, unsigned int*, uint2)",1,"stall_memory_dependency","Issue Stall Reasons (Data Request)",1.309393%,1.309393%,1.309393%
"GeForce GTX 1080 Ti (0)","foo::sia_blake2b_gpu_hash(unsigned int, unsigned int, unsigned int*, uint2)",1,"achieved_occupancy","Achieved Occupancy",0.489462,0.489462,0.489462
"GeForce GTX 1080 Ti (0)","_GLOBAL__N__59_tmpxft_00003c05_00000000_15_blake_sha256_compute_75_cpp1_ii_f2a120ba::sha256d_gpu_hash_shared(unsigned int, unsigned int, unsigned int*)",1,"issue_slot_utilization","Issue Slot Utilization",65.827412%,65.827412%,65.827412%
"GeForce GTX 1080 Ti (0)","_GLOBAL__N__59_tmpxft_00003c05_00000000_15_blake_sha256_compute_75_cpp1_ii_f2a120ba::sha256d_gpu_hash_shared(unsigned int, unsigned int, unsigned int*)",1,"eligible_warps_per_cycle","Eligible Warps Per Active Cycle",5.697274,5.697274,5.697274
"GeForce GTX 1080 Ti (0)","_GLOBAL__N__59_tmpxft_00003c05_00000000_15_blake_sha256_compute_75_cpp1_ii_f2a120ba::sha256d_gpu_hash_shared(unsigned int, unsigned int, unsigned int*)",1,"stall_inst_fetch","Issue Stall Reasons (Instructions Fetch)",46.054635%,46.054635%,46.054635%
"GeForce GTX 1080 Ti (0)","_GLOBAL__N__59_tmpxft_00003c05_00000000_15_blake_sha256_compute_75_cpp1_ii_f2a120ba::sha256d_gpu_hash_shared(unsigned int, unsigned int, unsigned int*)",1,"stall_exec_dependency","Issue Stall Reasons (Execution Dependency)",8.920327%,8.920327%,8.920327%
"GeForce GTX 1080 Ti (0)","_GLOBAL__N__59_tmpxft_00003c05_00000000_15_blake_sha256_compute_75_cpp1_ii_f2a120ba::sha256d_gpu_hash_shared(unsigned int, unsigned int, unsigned int*)",1,"stall_memory_dependency","Issue Stall Reasons (Data Request)",0.000000%,0.000000%,0.000000%
"GeForce GTX 1080 Ti (0)","_GLOBAL__N__59_tmpxft_00003c05_00000000_15_blake_sha256_compute_75_cpp1_ii_f2a120ba::sha256d_gpu_hash_shared(unsigned int, unsigned int, unsigned int*)",1,"achieved_occupancy","Achieved Occupancy",0.305455,0.305455,0.305455
"GeForce GTX 1080 Ti (0)","ethash_search2_blake2b_gpu_hash_100(Search_results volatile *, unsigned long, unsigned int, unsigned int, unsigned int*, uint2)",1,"issue_slot_utilization","Issue Slot Utilization",11.028301%,11.028301%,11.028301%
"GeForce GTX 1080 Ti (0)","ethash_search2_blake2b_gpu_hash_100(Search_results volatile *, unsigned long, unsigned int, unsigned int, unsigned int*, uint2)",1,"eligible_warps_per_cycle","Eligible Warps Per Active Cycle",0.613150,0.613150,0.613150
"GeForce GTX 1080 Ti (0)","ethash_search2_blake2b_gpu_hash_100(Search_results volatile *, unsigned long, unsigned int, unsigned int, unsigned int*, uint2)",1,"stall_inst_fetch","Issue Stall Reasons (Instructions Fetch)",0.433582%,0.433582%,0.433582%
"GeForce GTX 1080 Ti (0)","ethash_search2_blake2b_gpu_hash_100(Search_results volatile *, unsigned long, unsigned int, unsigned int, unsigned int*, uint2)",1,"stall_exec_dependency","Issue Stall Reasons (Execution Dependency)",3.378720%,3.378720%,3.378720%
"GeForce GTX 1080 Ti (0)","ethash_search2_blake2b_gpu_hash_100(Search_results volatile *, unsigned long, unsigned int, unsigned int, unsigned int*, uint2)",1,"stall_memory_dependency","Issue Stall Reasons (Data Request)",94.848044%,94.848044%,94.848044%
"GeForce GTX 1080 Ti (0)","ethash_search2_blake2b_gpu_hash_100(Search_results volatile *, unsigned long, unsigned int, unsigned int, unsigned int*, uint2)",1,"achieved_occupancy","Achieved Occupancy",0.367181,0.367181,0.367181
"GeForce GTX 1080 Ti (0)","blake2b_gpu_hash(unsigned int, unsigned int, unsigned int*, uint2)",1,"issue_slot_utilization","Issue Slot Utilization",89.379535%,89.379535%,89.379535%
"GeForce GTX 1080 Ti (0)","blake2b_gpu_hash(unsigned int, unsigned int, unsigned int*, uint2)",1,"eligible_warps_per_cycle","Eligible Warps Per Active Cycle",11.243430,11.243430,11.243430
"GeForce GTX 1080 Ti (0)","blake2b_gpu_hash(unsigned int, unsigned int, unsigned int*, uint2)",1,"stall_inst_fetch","Issue Stall Reasons (Instructions Fetch)",35.093290%,35.093290%,35.093290%
"GeForce GTX 1080 Ti (0)","blake2b_gpu_hash(unsigned int, unsigned int, unsigned int*, uint2)",1,"stall_exec_dependency","Issue Stall Reasons (Execution Dependency)",7.180888%,7.180888%,7.180888%
"GeForce GTX 1080 Ti (0)","blake2b_gpu_hash(unsigned int, unsigned int, unsigned int*, uint2)",1,"stall_memory_dependency","Issue Stall Reasons (Data Request)",1.374933%,1.374933%,1.374933%
"GeForce GTX 1080 Ti (0)","blake2b_gpu_hash(unsigned int, unsigned int, unsigned int*, uint2)",1,"achieved_occupancy","Achieved Occupancy",0.484103,0.484103,0.484103
"GeForce GTX 1080 Ti (0)","sha256d_gpu_hash_shared_ethash_search3_0(unsigned int, unsigned int, unsigned int*, Search_results volatile *, unsigned long)",1,"issue_slot_utilization","Issue Slot Utilization",32.993144%,32.993144%,32.993144%
"GeForce GTX 1080 Ti (0)","sha256d_gpu_hash_shared_ethash_search3_0(unsigned int, unsigned int, unsigned int*, Search_results volatile *, unsigned long)",1,"eligible_warps_per_cycle","Eligible Warps Per Active Cycle",1.999853,1.999853,1.999853
"GeForce GTX 1080 Ti (0)","sha256d_gpu_hash_shared_ethash_search3_0(unsigned int, unsigned int, unsigned int*, Search_results volatile *, unsigned long)",1,"stall_inst_fetch","Issue Stall Reasons (Instructions Fetch)",60.509502%,60.509502%,60.509502%
"GeForce GTX 1080 Ti (0)","sha256d_gpu_hash_shared_ethash_search3_0(unsigned int, unsigned int, unsigned int*, Search_results volatile *, unsigned long)",1,"stall_exec_dependency","Issue Stall Reasons (Execution Dependency)",6.783286%,6.783286%,6.783286%
"GeForce GTX 1080 Ti (0)","sha256d_gpu_hash_shared_ethash_search3_0(unsigned int, unsigned int, unsigned int*, Search_results volatile *, unsigned long)",1,"stall_memory_dependency","Issue Stall Reasons (Data Request)",13.352737%,13.352737%,13.352737%
"GeForce GTX 1080 Ti (0)","sha256d_gpu_hash_shared_ethash_search3_0(unsigned int, unsigned int, unsigned int*, Search_results volatile *, unsigned long)",1,"achieved_occupancy","Achieved Occupancy",0.167043,0.167043,0.167043
"GeForce GTX 1080 Ti (0)","ethash_search4(Search_results volatile *, unsigned long)",1,"issue_slot_utilization","Issue Slot Utilization",10.855310%,10.855310%,10.855310%
"GeForce GTX 1080 Ti (0)","ethash_search4(Search_results volatile *, unsigned long)",1,"eligible_warps_per_cycle","Eligible Warps Per Active Cycle",0.606186,0.606186,0.606186
"GeForce GTX 1080 Ti (0)","ethash_search4(Search_results volatile *, unsigned long)",1,"stall_inst_fetch","Issue Stall Reasons (Instructions Fetch)",0.381289%,0.381289%,0.381289%
"GeForce GTX 1080 Ti (0)","ethash_search4(Search_results volatile *, unsigned long)",1,"stall_exec_dependency","Issue Stall Reasons (Execution Dependency)",2.286657%,2.286657%,2.286657%
"GeForce GTX 1080 Ti (0)","ethash_search4(Search_results volatile *, unsigned long)",1,"stall_memory_dependency","Issue Stall Reasons (Data Request)",96.025448%,96.025448%,96.025448%
"GeForce GTX 1080 Ti (0)","ethash_search4(Search_results volatile *, unsigned long)",1,"achieved_occupancy","Achieved Occupancy",0.366309,0.366309,0.366309
"GeForce GTX 1080 Ti (0)","ethash_search2(Search_results volatile *, unsigned long)",1,"issue_slot_utilization","Issue Slot Utilization",10.908551%,10.908551%,10.908551%
"GeForce GTX 1080 Ti (0)","ethash_search2(Search_results volatile *, unsigned long)",1,"eligible_warps_per_cycle","Eligible Warps Per Active Cycle",0.607257,0.607257,0.607257
"GeForce GTX 1080 Ti (0)","ethash_search2(Search_results volatile *, unsigned long)",1,"stall_inst_fetch","Issue Stall Reasons (Instructions Fetch)",0.382498%,0.382498%,0.382498%
"GeForce GTX 1080 Ti (0)","ethash_search2(Search_results volatile *, unsigned long)",1,"stall_exec_dependency","Issue Stall Reasons (Execution Dependency)",2.285387%,2.285387%,2.285387%
"GeForce GTX 1080 Ti (0)","ethash_search2(Search_results volatile *, unsigned long)",1,"stall_memory_dependency","Issue Stall Reasons (Data Request)",96.036839%,96.036839%,96.036839%
"GeForce GTX 1080 Ti (0)","ethash_search2(Search_results volatile *, unsigned long)",1,"achieved_occupancy","Achieved Occupancy",0.366887,0.366887,0.366887
"GeForce GTX 1080 Ti (0)","sha256d_gpu_hash_shared(unsigned int, unsigned int, unsigned int*)",1,"issue_slot_utilization","Issue Slot Utilization",65.399911%,65.399911%,65.399911%
"GeForce GTX 1080 Ti (0)","sha256d_gpu_hash_shared(unsigned int, unsigned int, unsigned int*)",1,"eligible_warps_per_cycle","Eligible Warps Per Active Cycle",5.665098,5.665098,5.665098
"GeForce GTX 1080 Ti (0)","sha256d_gpu_hash_shared(unsigned int, unsigned int, unsigned int*)",1,"stall_inst_fetch","Issue Stall Reasons (Instructions Fetch)",45.342105%,45.342105%,45.342105%
"GeForce GTX 1080 Ti (0)","sha256d_gpu_hash_shared(unsigned int, unsigned int, unsigned int*)",1,"stall_exec_dependency","Issue Stall Reasons (Execution Dependency)",9.528491%,9.528491%,9.528491%
"GeForce GTX 1080 Ti (0)","sha256d_gpu_hash_shared(unsigned int, unsigned int, unsigned int*)",1,"stall_memory_dependency","Issue Stall Reasons (Data Request)",0.000000%,0.000000%,0.000000%
"GeForce GTX 1080 Ti (0)","sha256d_gpu_hash_shared(unsigned int, unsigned int, unsigned int*)",1,"achieved_occupancy","Achieved Occupancy",0.305439,0.305439,0.305439
"GeForce GTX 1080 Ti (0)","foo::blake2b_gpu_hash_sia_blake2b_gpu_hash_100(unsigned int, unsigned int, unsigned int*, uint2, unsigned int, unsigned int, unsigned int*, uint2)",1,"issue_slot_utilization","Issue Slot Utilization",85.291603%,85.291603%,85.291603%
"GeForce GTX 1080 Ti (0)","foo::blake2b_gpu_hash_sia_blake2b_gpu_hash_100(unsigned int, unsigned int, unsigned int*, uint2, unsigned int, unsigned int, unsigned int*, uint2)",1,"eligible_warps_per_cycle","Eligible Warps Per Active Cycle",8.923709,8.923709,8.923709
"GeForce GTX 1080 Ti (0)","foo::blake2b_gpu_hash_sia_blake2b_gpu_hash_100(unsigned int, unsigned int, unsigned int*, uint2, unsigned int, unsigned int, unsigned int*, uint2)",1,"stall_inst_fetch","Issue Stall Reasons (Instructions Fetch)",40.654408%,40.654408%,40.654408%
"GeForce GTX 1080 Ti (0)","foo::blake2b_gpu_hash_sia_blake2b_gpu_hash_100(unsigned int, unsigned int, unsigned int*, uint2, unsigned int, unsigned int, unsigned int*, uint2)",1,"stall_exec_dependency","Issue Stall Reasons (Execution Dependency)",15.258756%,15.258756%,15.258756%
"GeForce GTX 1080 Ti (0)","foo::blake2b_gpu_hash_sia_blake2b_gpu_hash_100(unsigned int, unsigned int, unsigned int*, uint2, unsigned int, unsigned int, unsigned int*, uint2)",1,"stall_memory_dependency","Issue Stall Reasons (Data Request)",1.344959%,1.344959%,1.344959%
"GeForce GTX 1080 Ti (0)","foo::blake2b_gpu_hash_sia_blake2b_gpu_hash_100(unsigned int, unsigned int, unsigned int*, uint2, unsigned int, unsigned int, unsigned int*, uint2)",1,"achieved_occupancy","Achieved Occupancy",0.492212,0.492212,0.492212
